{"cameraMode":{"drawMode":0,"name":"Shaded","section":"Shading Mode"},"sceneLighting":true,"audioPlay":false,"sceneViewState":{"showFog":true,"showMaterialUpdate":false,"showSkybox":true,"showFlares":true,"showImageEffects":true,"showParticleSystems":true},"in2DMode":false,"pivot":{"x":37.501983642578128,"y":20.272632598876954,"z":115.09634399414063},"rotation":{"x":-0.08694352954626084,"y":0.8124629259109497,"z":-0.12554335594177247,"w":-0.5626577138900757},"size":3.1879451274871828,"orthographic":false}